x,y,yaw,speed
0.0000,-0.1700,0.0000,3.50
0.1012,-0.1700,0.0000,3.50
0.2023,-0.1700,0.0000,3.50
0.3035,-0.1700,0.0000,3.50
0.4047,-0.1700,0.0000,3.50
0.5058,-0.1700,0.0000,3.50
0.6070,-0.1700,0.0000,3.50
0.7081,-0.1700,0.0000,3.50
0.8093,-0.1700,0.0000,3.50
0.9105,-0.1700,0.0000,3.50
1.0116,-0.1700,0.0000,3.50
1.1128,-0.1700,0.0000,3.50
1.2140,-0.1700,0.0000,3.50
1.3151,-0.1700,0.0000,3.50
1.4163,-0.1700,0.0000,3.50
1.5174,-0.1700,0.0000,3.50
1.6186,-0.1700,0.0000,3.50
1.7198,-0.1700,0.0000,3.50
1.8209,-0.1700,0.0000,3.50
1.9221,-0.1700,0.0000,3.50
2.0233,-0.1700,0.0000,3.50
2.1244,-0.1700,0.0000,3.50
2.2256,-0.1700,0.0000,3.50
2.3267,-0.1700,0.0000,3.50
2.4279,-0.1700,0.0000,3.50
2.5291,-0.1700,0.0000,3.50
2.6302,-0.1700,0.0000,3.50
2.7314,-0.1700,0.0000,3.50
2.8326,-0.1700,0.0000,3.50
2.9337,-0.1700,0.0000,3.50
3.0349,-0.1700,0.0000,3.50
3.1360,-0.1700,0.0000,3.50
3.2372,-0.1700,0.0000,3.50
3.3384,-0.1700,0.0000,3.50
3.4395,-0.1700,0.0000,3.50
3.5407,-0.1700,0.0000,3.50
3.6419,-0.1700,0.0000,3.50
3.7430,-0.1700,0.0000,3.50
3.8442,-0.1700,0.0000,3.50
3.9453,-0.1700,0.0000,3.50
4.0465,-0.1700,0.0000,3.50
4.1477,-0.1700,0.0000,3.50
4.2488,-0.1700,0.0000,3.50
4.3500,-0.1700,0.0000,3.50
4.4512,-0.1700,0.0000,3.50
4.5523,-0.1700,0.0000,3.50
4.6535,-0.1700,0.0000,3.50
4.7547,-0.1700,0.0000,3.50
4.8558,-0.1700,0.0000,3.50
4.9570,-0.1700,0.0000,3.50
5.0581,-0.1700,0.0000,3.50
5.1593,-0.1700,0.0000,3.50
5.2605,-0.1700,0.0000,3.50
5.3616,-0.1700,0.0000,3.50
5.4628,-0.1700,0.0000,3.50
5.5640,-0.1700,0.0000,3.50
5.6651,-0.1700,0.0000,3.50
5.7663,-0.1700,0.0000,3.50
5.8674,-0.1700,0.0000,3.50
5.9686,-0.1700,0.0000,3.50
6.0698,-0.1700,0.0000,3.50
6.1709,-0.1700,0.0000,3.50
6.2721,-0.1700,0.0000,3.50
6.3733,-0.1700,0.0000,3.50
6.4744,-0.1700,0.0000,3.50
6.5756,-0.1700,0.0000,3.50
6.6767,-0.1700,0.0000,3.50
6.7779,-0.1700,0.0000,3.50
6.8791,-0.1700,0.0000,3.50
6.9802,-0.1700,0.0000,3.50
7.0814,-0.1700,0.0000,3.50
7.1826,-0.1700,0.0000,3.50
7.2837,-0.1700,0.0000,3.50
7.3849,-0.1700,0.0000,3.50
7.4860,-0.1700,0.0000,3.50
7.5872,-0.1700,0.0000,3.50
7.6884,-0.1700,0.0000,3.50
7.7895,-0.1700,0.0000,3.50
7.8907,-0.1700,0.0000,3.50
7.9919,-0.1700,0.0000,3.50
8.0930,-0.1700,0.0000,3.50
8.1942,-0.1700,0.0000,3.50
8.2953,-0.1700,0.0000,3.50
8.3965,-0.1700,0.0000,3.50
8.4977,-0.1700,0.0000,3.50
8.5988,-0.1700,-0.0000,3.50
8.7000,-0.1700,0.0524,1.80
8.8045,-0.1645,0.1571,1.80
8.9079,-0.1481,0.2618,1.80
9.0090,-0.1211,0.3665,1.80
9.1067,-0.0835,0.4712,1.80
9.2000,-0.0360,0.5760,1.80
9.2878,0.0210,0.6807,1.80
9.3691,0.0869,0.7854,1.80
9.4431,0.1609,0.8901,1.80
9.5090,0.2422,0.9948,1.80
9.5660,0.3300,1.0996,1.80
9.6135,0.4233,1.2043,1.80
9.6511,0.5210,1.3090,1.80
9.6781,0.6221,1.4137,1.80
9.6945,0.7255,1.5184,1.80
9.7000,0.8300,1.5708,3.50
9.7000,0.9313,1.5708,3.50
9.7000,1.0327,1.5708,3.50
9.7000,1.1340,1.5708,3.50
9.7000,1.2354,1.5708,3.50
9.7000,1.3367,1.5708,3.50
9.7000,1.4381,1.5708,3.50
9.7000,1.5394,1.5708,3.50
9.7000,1.6407,1.5708,3.50
9.7000,1.7421,1.5708,3.50
9.7000,1.8434,1.5708,3.50
9.7000,1.9448,1.5708,3.50
9.7000,2.0461,1.5708,3.50
9.7000,2.1475,1.5708,3.50
9.7000,2.2488,1.5708,3.50
9.7000,2.3501,1.5708,3.50
9.7000,2.4515,1.5708,3.50
9.7000,2.5528,1.5708,3.50
9.7000,2.6542,1.5708,3.50
9.7000,2.7555,1.5708,3.50
9.7000,2.8569,1.5708,3.50
9.7000,2.9582,1.5708,3.50
9.7000,3.0596,1.5708,3.50
9.7000,3.1609,1.5708,3.50
9.7000,3.2622,1.5708,3.50
9.7000,3.3636,1.5708,3.50
9.7000,3.4649,1.5708,3.50
9.7000,3.5663,1.5708,3.50
9.7000,3.6676,1.5708,3.50
9.7000,3.7690,1.5708,3.50
9.7000,3.8703,1.5708,3.50
9.7000,3.9716,1.5708,3.50
9.7000,4.0730,1.5708,3.50
9.7000,4.1743,1.5708,3.50
9.7000,4.2757,1.5708,3.50
9.7000,4.3770,1.5708,3.50
9.7000,4.4784,1.5708,3.50
9.7000,4.5797,1.5708,3.50
9.7000,4.6810,1.5708,3.50
9.7000,4.7824,1.5708,3.50
9.7000,4.8837,1.5708,3.50
9.7000,4.9851,1.5708,3.50
9.7000,5.0864,1.5708,3.50
9.7000,5.1878,1.5708,3.50
9.7000,5.2891,1.5708,3.50
9.7000,5.3904,1.5708,3.50
9.7000,5.4918,1.5708,3.50
9.7000,5.5931,1.5708,3.50
9.7000,5.6945,1.5708,3.50
9.7000,5.7958,1.5708,3.50
9.7000,5.8972,1.5708,3.50
9.7000,5.9985,1.5708,3.50
9.7000,6.0999,1.5708,3.50
9.7000,6.2012,1.5708,3.50
9.7000,6.3025,1.5708,3.50
9.7000,6.4039,1.5708,3.50
9.7000,6.5052,1.5708,3.50
9.7000,6.6066,1.5708,3.50
9.7000,6.7079,1.5708,3.50
9.7000,6.8093,1.5708,3.50
9.7000,6.9106,1.5708,3.50
9.7000,7.0119,1.5708,3.50
9.7000,7.1133,1.5708,3.50
9.7000,7.2146,1.5708,3.50
9.7000,7.3160,1.5708,3.50
9.7000,7.4173,1.5708,3.50
9.7000,7.5187,1.5708,3.50
9.7000,7.6200,1.6232,1.80
9.6945,7.7245,1.7279,1.80
9.6781,7.8279,1.8326,1.80
9.6511,7.9290,1.9373,1.80
9.6135,8.0267,2.0420,1.80
9.5660,8.1200,2.1468,1.80
9.5090,8.2078,2.2515,1.80
9.4431,8.2891,2.3562,1.80
9.3691,8.3631,2.4609,1.80
9.2878,8.4290,2.5656,1.80
9.2000,8.4860,2.6704,1.80
9.1067,8.5335,2.7751,1.80
9.0090,8.5711,2.8798,1.80
8.9079,8.5981,2.9845,1.80
8.8045,8.6145,3.0892,1.80
8.7000,8.6200,3.1416,3.50
8.5995,8.6200,3.1416,3.50
8.4991,8.6200,3.1416,3.50
8.3986,8.6200,3.1416,3.50
8.2981,8.6200,3.1416,3.50
8.1977,8.6200,3.1416,3.50
8.0972,8.6200,3.1416,3.50
7.9967,8.6200,3.1416,3.50
7.8962,8.6200,3.1416,3.50
7.7958,8.6200,3.1416,3.50
7.6953,8.6200,3.1416,3.50
7.5948,8.6200,3.1416,3.50
7.4944,8.6200,3.1416,3.50
7.3939,8.6200,3.1416,3.50
7.2934,8.6200,3.1416,3.50
7.1930,8.6200,3.1416,3.50
7.0925,8.6200,3.1416,3.50
6.9920,8.6200,3.1416,3.50
6.8915,8.6200,3.1416,3.50
6.7911,8.6200,3.1416,3.50
6.6906,8.6200,3.1416,3.50
6.5901,8.6200,3.1416,3.50
6.4897,8.6200,3.1416,3.50
6.3892,8.6200,3.1416,3.50
6.2887,8.6200,3.1416,3.50
6.1883,8.6200,3.1416,3.50
6.0878,8.6200,3.1416,3.50
5.9873,8.6200,3.1416,3.50
5.8869,8.6200,3.1416,3.50
5.7864,8.6200,3.1416,3.50
5.6859,8.6200,3.1416,3.50
5.5854,8.6200,3.1416,3.50
5.4850,8.6200,3.1416,3.50
5.3845,8.6200,3.1416,3.50
5.2840,8.6200,3.1416,3.50
5.1836,8.6200,3.1416,3.50
5.0831,8.6200,3.1416,3.50
4.9826,8.6200,3.1416,3.50
4.8822,8.6200,3.1416,3.50
4.7817,8.6200,3.1416,3.50
4.6812,8.6200,3.1416,3.50
4.5808,8.6200,3.1416,3.50
4.4803,8.6200,3.1416,3.50
4.3798,8.6200,3.1416,3.50
4.2793,8.6200,3.1416,3.50
4.1789,8.6200,3.1416,3.50
4.0784,8.6200,3.1416,3.50
3.9779,8.6200,3.1416,3.50
3.8775,8.6200,3.1416,3.50
3.7770,8.6200,3.1416,3.50
3.6765,8.6200,3.1416,3.50
3.5761,8.6200,3.1416,3.50
3.4756,8.6200,3.1416,3.50
3.3751,8.6200,3.1416,3.50
3.2746,8.6200,3.1416,3.50
3.1742,8.6200,3.1416,3.50
3.0737,8.6200,3.1416,3.50
2.9732,8.6200,3.1416,3.50
2.8728,8.6200,3.1416,3.50
2.7723,8.6200,3.1416,3.50
2.6718,8.6200,3.1416,3.50
2.5714,8.6200,3.1416,3.50
2.4709,8.6200,3.1416,3.50
2.3704,8.6200,3.1416,3.50
2.2700,8.6200,3.1416,3.50
2.1695,8.6200,3.1416,3.50
2.0690,8.6200,3.1416,3.50
1.9685,8.6200,3.1416,3.50
1.8681,8.6200,3.1416,3.50
1.7676,8.6200,3.1416,3.50
1.6671,8.6200,3.1416,3.50
1.5667,8.6200,3.1416,3.50
1.4662,8.6200,3.1416,3.50
1.3657,8.6200,3.1416,3.50
1.2653,8.6200,3.1416,3.50
1.1648,8.6200,3.1416,3.50
1.0643,8.6200,3.1416,3.50
0.9638,8.6200,3.1416,3.50
0.8634,8.6200,3.1416,3.50
0.7629,8.6200,3.1416,3.50
0.6624,8.6200,3.1416,3.50
0.5620,8.6200,3.1416,3.50
0.4615,8.6200,3.1416,3.50
0.3610,8.6200,3.1416,3.50
0.2606,8.6200,3.1416,3.50
0.1601,8.6200,3.1416,3.50
0.0596,8.6200,3.1416,3.50
-0.0408,8.6200,3.1416,3.50
-0.1413,8.6200,3.1416,3.50
-0.2418,8.6200,3.1416,3.50
-0.3423,8.6200,3.1416,3.50
-0.4427,8.6200,3.1416,3.50
-0.5432,8.6200,3.1416,3.50
-0.6437,8.6200,3.1416,3.50
-0.7441,8.6200,3.1416,3.50
-0.8446,8.6200,3.1416,3.50
-0.9451,8.6200,3.1416,3.50
-1.0455,8.6200,3.1416,3.50
-1.1460,8.6200,3.1416,3.50
-1.2465,8.6200,3.1416,3.50
-1.3469,8.6200,3.1416,3.50
-1.4474,8.6200,3.1416,3.50
-1.5479,8.6200,3.1416,3.50
-1.6484,8.6200,3.1416,3.50
-1.7488,8.6200,3.1416,3.50
-1.8493,8.6200,3.1416,3.50
-1.9498,8.6200,3.1416,3.50
-2.0502,8.6200,3.1416,3.50
-2.1507,8.6200,3.1416,3.50
-2.2512,8.6200,3.1416,3.50
-2.3516,8.6200,3.1416,3.50
-2.4521,8.6200,3.1416,3.50
-2.5526,8.6200,3.1416,3.50
-2.6531,8.6200,3.1416,3.50
-2.7535,8.6200,3.1416,3.50
-2.8540,8.6200,3.1416,3.50
-2.9545,8.6200,3.1416,3.50
-3.0549,8.6200,3.1416,3.50
-3.1554,8.6200,3.1416,3.50
-3.2559,8.6200,3.1416,3.50
-3.3563,8.6200,3.1416,3.50
-3.4568,8.6200,3.1416,3.50
-3.5573,8.6200,3.1416,3.50
-3.6577,8.6200,3.1416,3.50
-3.7582,8.6200,3.1416,3.50
-3.8587,8.6200,3.1416,3.50
-3.9592,8.6200,3.1416,3.50
-4.0596,8.6200,3.1416,3.50
-4.1601,8.6200,3.1416,3.50
-4.2606,8.6200,3.1416,3.50
-4.3610,8.6200,3.1416,3.50
-4.4615,8.6200,3.1416,3.50
-4.5620,8.6200,3.1416,3.50
-4.6624,8.6200,3.1416,3.50
-4.7629,8.6200,3.1416,3.50
-4.8634,8.6200,3.1416,3.50
-4.9638,8.6200,3.1416,3.50
-5.0643,8.6200,3.1416,3.50
-5.1648,8.6200,3.1416,3.50
-5.2653,8.6200,3.1416,3.50
-5.3657,8.6200,3.1416,3.50
-5.4662,8.6200,3.1416,3.50
-5.5667,8.6200,3.1416,3.50
-5.6671,8.6200,3.1416,3.50
-5.7676,8.6200,3.1416,3.50
-5.8681,8.6200,3.1416,3.50
-5.9685,8.6200,3.1416,3.50
-6.0690,8.6200,3.1416,3.50
-6.1695,8.6200,3.1416,3.50
-6.2700,8.6200,3.1416,3.50
-6.3704,8.6200,3.1416,3.50
-6.4709,8.6200,3.1416,3.50
-6.5714,8.6200,3.1416,3.50
-6.6718,8.6200,3.1416,3.50
-6.7723,8.6200,3.1416,3.50
-6.8728,8.6200,3.1416,3.50
-6.9732,8.6200,3.1416,3.50
-7.0737,8.6200,3.1416,3.50
-7.1742,8.6200,3.1416,3.50
-7.2746,8.6200,3.1416,3.50
-7.3751,8.6200,3.1416,3.50
-7.4756,8.6200,3.1416,3.50
-7.5761,8.6200,3.1416,3.50
-7.6765,8.6200,3.1416,3.50
-7.7770,8.6200,3.1416,3.50
-7.8775,8.6200,3.1416,3.50
-7.9779,8.6200,3.1416,3.50
-8.0784,8.6200,3.1416,3.50
-8.1789,8.6200,3.1416,3.50
-8.2793,8.6200,3.1416,3.50
-8.3798,8.6200,3.1416,3.50
-8.4803,8.6200,3.1416,3.50
-8.5808,8.6200,3.1416,3.50
-8.6812,8.6200,3.1416,3.50
-8.7817,8.6200,3.1416,3.50
-8.8822,8.6200,3.1416,3.50
-8.9826,8.6200,3.1416,3.50
-9.0831,8.6200,3.1416,3.50
-9.1836,8.6200,3.1416,3.50
-9.2840,8.6200,3.1416,3.50
-9.3845,8.6200,3.1416,3.50
-9.4850,8.6200,3.1416,3.50
-9.5854,8.6200,3.1416,3.50
-9.6859,8.6200,3.1416,3.50
-9.7864,8.6200,3.1416,3.50
-9.8869,8.6200,3.1416,3.50
-9.9873,8.6200,3.1416,3.50
-10.0878,8.6200,3.1416,3.50
-10.1883,8.6200,3.1416,3.50
-10.2887,8.6200,3.1416,3.50
-10.3892,8.6200,3.1416,3.50
-10.4897,8.6200,3.1416,3.50
-10.5901,8.6200,3.1416,3.50
-10.6906,8.6200,3.1416,3.50
-10.7911,8.6200,3.1416,3.50
-10.8915,8.6200,3.1416,3.50
-10.9920,8.6200,3.1416,3.50
-11.0925,8.6200,3.1416,3.50
-11.1930,8.6200,3.1416,3.50
-11.2934,8.6200,3.1416,3.50
-11.3939,8.6200,3.1416,3.50
-11.4944,8.6200,3.1416,3.50
-11.5948,8.6200,3.1416,3.50
-11.6953,8.6200,3.1416,3.50
-11.7958,8.6200,3.1416,3.50
-11.8962,8.6200,3.1416,3.50
-11.9967,8.6200,3.1416,3.50
-12.0972,8.6200,3.1416,3.50
-12.1977,8.6200,3.1416,3.50
-12.2981,8.6200,3.1416,3.50
-12.3986,8.6200,3.1416,3.50
-12.4991,8.6200,3.1416,3.50
-12.5995,8.6200,3.1416,3.50
-12.7000,8.6200,-3.0892,1.80
-12.8045,8.6145,-2.9845,1.80
-12.9079,8.5981,-2.8798,1.80
-13.0090,8.5711,-2.7751,1.80
-13.1067,8.5335,-2.6704,1.80
-13.2000,8.4860,-2.5656,1.80
-13.2878,8.4290,-2.4609,1.80
-13.3691,8.3631,-2.3562,1.80
-13.4431,8.2891,-2.2515,1.80
-13.5090,8.2078,-2.1468,1.80
-13.5660,8.1200,-2.0420,1.80
-13.6135,8.0267,-1.9373,1.80
-13.6511,7.9290,-1.8326,1.80
-13.6781,7.8279,-1.7279,1.80
-13.6945,7.7245,-1.6232,1.80
-13.7000,7.6200,-1.5708,3.50
-13.7000,7.5187,-1.5708,3.50
-13.7000,7.4173,-1.5708,3.50
-13.7000,7.3160,-1.5708,3.50
-13.7000,7.2146,-1.5708,3.50
-13.7000,7.1133,-1.5708,3.50
-13.7000,7.0119,-1.5708,3.50
-13.7000,6.9106,-1.5708,3.50
-13.7000,6.8093,-1.5708,3.50
-13.7000,6.7079,-1.5708,3.50
-13.7000,6.6066,-1.5708,3.50
-13.7000,6.5052,-1.5708,3.50
-13.7000,6.4039,-1.5708,3.50
-13.7000,6.3025,-1.5708,3.50
-13.7000,6.2012,-1.5708,3.50
-13.7000,6.0999,-1.5708,3.50
-13.7000,5.9985,-1.5708,3.50
-13.7000,5.8972,-1.5708,3.50
-13.7000,5.7958,-1.5708,3.50
-13.7000,5.6945,-1.5708,3.50
-13.7000,5.5931,-1.5708,3.50
-13.7000,5.4918,-1.5708,3.50
-13.7000,5.3904,-1.5708,3.50
-13.7000,5.2891,-1.5708,3.50
-13.7000,5.1878,-1.5708,3.50
-13.7000,5.0864,-1.5708,3.50
-13.7000,4.9851,-1.5708,3.50
-13.7000,4.8837,-1.5708,3.50
-13.7000,4.7824,-1.5708,3.50
-13.7000,4.6810,-1.5708,3.50
-13.7000,4.5797,-1.5708,3.50
-13.7000,4.4784,-1.5708,3.50
-13.7000,4.3770,-1.5708,3.50
-13.7000,4.2757,-1.5708,3.50
-13.7000,4.1743,-1.5708,3.50
-13.7000,4.0730,-1.5708,3.50
-13.7000,3.9716,-1.5708,3.50
-13.7000,3.8703,-1.5708,3.50
-13.7000,3.7690,-1.5708,3.50
-13.7000,3.6676,-1.5708,3.50
-13.7000,3.5663,-1.5708,3.50
-13.7000,3.4649,-1.5708,3.50
-13.7000,3.3636,-1.5708,3.50
-13.7000,3.2622,-1.5708,3.50
-13.7000,3.1609,-1.5708,3.50
-13.7000,3.0596,-1.5708,3.50
-13.7000,2.9582,-1.5708,3.50
-13.7000,2.8569,-1.5708,3.50
-13.7000,2.7555,-1.5708,3.50
-13.7000,2.6542,-1.5708,3.50
-13.7000,2.5528,-1.5708,3.50
-13.7000,2.4515,-1.5708,3.50
-13.7000,2.3501,-1.5708,3.50
-13.7000,2.2488,-1.5708,3.50
-13.7000,2.1475,-1.5708,3.50
-13.7000,2.0461,-1.5708,3.50
-13.7000,1.9448,-1.5708,3.50
-13.7000,1.8434,-1.5708,3.50
-13.7000,1.7421,-1.5708,3.50
-13.7000,1.6407,-1.5708,3.50
-13.7000,1.5394,-1.5708,3.50
-13.7000,1.4381,-1.5708,3.50
-13.7000,1.3367,-1.5708,3.50
-13.7000,1.2354,-1.5708,3.50
-13.7000,1.1340,-1.5708,3.50
-13.7000,1.0327,-1.5708,3.50
-13.7000,0.9313,-1.5708,3.50
-13.7000,0.8300,-1.5184,1.80
-13.6945,0.7255,-1.4137,1.80
-13.6781,0.6221,-1.3090,1.80
-13.6511,0.5210,-1.2043,1.80
-13.6135,0.4233,-1.0996,1.80
-13.5660,0.3300,-0.9948,1.80
-13.5090,0.2422,-0.8901,1.80
-13.4431,0.1609,-0.7854,1.80
-13.3691,0.0869,-0.6807,1.80
-13.2878,0.0210,-0.5760,1.80
-13.2000,-0.0360,-0.4712,1.80
-13.1067,-0.0835,-0.3665,1.80
-13.0090,-0.1211,-0.2618,1.80
-12.9079,-0.1481,-0.1571,1.80
-12.8045,-0.1645,-0.0524,1.80
-12.7000,-0.1700,0.0000,3.50
-12.5992,-0.1700,0.0000,3.50
-12.4984,-0.1700,0.0000,3.50
-12.3976,-0.1700,0.0000,3.50
-12.2968,-0.1700,0.0000,3.50
-12.1960,-0.1700,0.0000,3.50
-12.0952,-0.1700,0.0000,3.50
-11.9944,-0.1700,0.0000,3.50
-11.8937,-0.1700,0.0000,3.50
-11.7929,-0.1700,0.0000,3.50
-11.6921,-0.1700,0.0000,3.50
-11.5913,-0.1700,0.0000,3.50
-11.4905,-0.1700,0.0000,3.50
-11.3897,-0.1700,0.0000,3.50
-11.2889,-0.1700,0.0000,3.50
-11.1881,-0.1700,0.0000,3.50
-11.0873,-0.1700,0.0000,3.50
-10.9865,-0.1700,0.0000,3.50
-10.8857,-0.1700,0.0000,3.50
-10.7849,-0.1700,0.0000,3.50
-10.6841,-0.1700,0.0000,3.50
-10.5833,-0.1700,0.0000,3.50
-10.4825,-0.1700,0.0000,3.50
-10.3817,-0.1700,0.0000,3.50
-10.2810,-0.1700,0.0000,3.50
-10.1802,-0.1700,0.0000,3.50
-10.0794,-0.1700,0.0000,3.50
-9.9786,-0.1700,0.0000,3.50
-9.8778,-0.1700,0.0000,3.50
-9.7770,-0.1700,0.0000,3.50
-9.6762,-0.1700,0.0000,3.50
-9.5754,-0.1700,0.0000,3.50
-9.4746,-0.1700,0.0000,3.50
-9.3738,-0.1700,0.0000,3.50
-9.2730,-0.1700,0.0000,3.50
-9.1722,-0.1700,0.0000,3.50
-9.0714,-0.1700,0.0000,3.50
-8.9706,-0.1700,0.0000,3.50
-8.8698,-0.1700,0.0000,3.50
-8.7690,-0.1700,0.0000,3.50
-8.6683,-0.1700,0.0000,3.50
-8.5675,-0.1700,0.0000,3.50
-8.4667,-0.1700,0.0000,3.50
-8.3659,-0.1700,0.0000,3.50
-8.2651,-0.1700,0.0000,3.50
-8.1643,-0.1700,0.0000,3.50
-8.0635,-0.1700,0.0000,3.50
-7.9627,-0.1700,0.0000,3.50
-7.8619,-0.1700,0.0000,3.50
-7.7611,-0.1700,0.0000,3.50
-7.6603,-0.1700,0.0000,3.50
-7.5595,-0.1700,0.0000,3.50
-7.4587,-0.1700,0.0000,3.50
-7.3579,-0.1700,0.0000,3.50
-7.2571,-0.1700,0.0000,3.50
-7.1563,-0.1700,0.0000,3.50
-7.0556,-0.1700,0.0000,3.50
-6.9548,-0.1700,0.0000,3.50
-6.8540,-0.1700,0.0000,3.50
-6.7532,-0.1700,0.0000,3.50
-6.6524,-0.1700,0.0000,3.50
-6.5516,-0.1700,0.0000,3.50
-6.4508,-0.1700,0.0000,3.50
-6.3500,-0.1700,0.0000,3.50
-6.2492,-0.1700,0.0000,3.50
-6.1484,-0.1700,0.0000,3.50
-6.0476,-0.1700,0.0000,3.50
-5.9468,-0.1700,0.0000,3.50
-5.8460,-0.1700,0.0000,3.50
-5.7452,-0.1700,0.0000,3.50
-5.6444,-0.1700,0.0000,3.50
-5.5437,-0.1700,0.0000,3.50
-5.4429,-0.1700,0.0000,3.50
-5.3421,-0.1700,0.0000,3.50
-5.2413,-0.1700,0.0000,3.50
-5.1405,-0.1700,0.0000,3.50
-5.0397,-0.1700,0.0000,3.50
-4.9389,-0.1700,0.0000,3.50
-4.8381,-0.1700,0.0000,3.50
-4.7373,-0.1700,0.0000,3.50
-4.6365,-0.1700,0.0000,3.50
-4.5357,-0.1700,0.0000,3.50
-4.4349,-0.1700,0.0000,3.50
-4.3341,-0.1700,0.0000,3.50
-4.2333,-0.1700,0.0000,3.50
-4.1325,-0.1700,0.0000,3.50
-4.0317,-0.1700,0.0000,3.50
-3.9310,-0.1700,0.0000,3.50
-3.8302,-0.1700,0.0000,3.50
-3.7294,-0.1700,0.0000,3.50
-3.6286,-0.1700,0.0000,3.50
-3.5278,-0.1700,0.0000,3.50
-3.4270,-0.1700,0.0000,3.50
-3.3262,-0.1700,0.0000,3.50
-3.2254,-0.1700,0.0000,3.50
-3.1246,-0.1700,0.0000,3.50
-3.0238,-0.1700,0.0000,3.50
-2.9230,-0.1700,0.0000,3.50
-2.8222,-0.1700,0.0000,3.50
-2.7214,-0.1700,0.0000,3.50
-2.6206,-0.1700,0.0000,3.50
-2.5198,-0.1700,0.0000,3.50
-2.4190,-0.1700,0.0000,3.50
-2.3183,-0.1700,0.0000,3.50
-2.2175,-0.1700,0.0000,3.50
-2.1167,-0.1700,0.0000,3.50
-2.0159,-0.1700,0.0000,3.50
-1.9151,-0.1700,0.0000,3.50
-1.8143,-0.1700,0.0000,3.50
-1.7135,-0.1700,0.0000,3.50
-1.6127,-0.1700,0.0000,3.50
-1.5119,-0.1700,0.0000,3.50
-1.4111,-0.1700,0.0000,3.50
-1.3103,-0.1700,0.0000,3.50
-1.2095,-0.1700,0.0000,3.50
-1.1087,-0.1700,0.0000,3.50
-1.0079,-0.1700,0.0000,3.50
-0.9071,-0.1700,0.0000,3.50
-0.8063,-0.1700,0.0000,3.50
-0.7056,-0.1700,0.0000,3.50
-0.6048,-0.1700,0.0000,3.50
-0.5040,-0.1700,0.0000,3.50
-0.4032,-0.1700,0.0000,3.50
-0.3024,-0.1700,0.0000,3.50
-0.2016,-0.1700,0.0000,3.50
-0.1008,-0.1700,0.0000,3.50
